,City,Country,Lat,Lng,Max Temp,Humidity,Cloudiness,Wind Speed,Current Description
0,Jamestown,US,42.097,-79.2353,81.18,73,40,4.61,scattered clouds
1,Hobart,AU,-42.8794,147.3294,39.06,80,90,1.01,overcast clouds
2,Luwuk,ID,-0.9516,122.7875,76.51,89,100,3.27,overcast clouds
3,Rikitea,PF,-23.1203,-134.9692,73.85,80,5,9.01,clear sky
4,Faya,SA,18.3851,42.4509,72.12,58,72,10.27,broken clouds
5,Koungou,YT,-12.7336,45.2042,76.71,73,0,5.75,clear sky
6,Khatanga,RU,71.9667,102.5,51.58,70,10,7.92,clear sky
7,Gornopravdinsk,RU,60.05,69.9,67.73,80,78,4.52,broken clouds
8,Haukipudas,FI,65.1765,25.3523,76.14,40,0,12.75,clear sky
9,Menongue,AO,-14.6585,17.691,84.24,7,3,8.66,clear sky
10,Ayan,RU,56.45,138.1667,51.93,77,4,5.95,clear sky
11,Haines Junction,CA,60.7522,-137.5108,49.95,93,63,0.0,broken clouds
12,Tasiilaq,GL,65.6145,-37.6368,46.56,93,99,4.92,overcast clouds
13,Bredasdorp,ZA,-34.5322,20.0403,60.12,77,100,4.61,overcast clouds
14,Busselton,AU,-33.65,115.3333,59.09,92,100,16.49,overcast clouds
15,Tuktoyaktuk,CA,69.4541,-133.0374,42.8,81,90,13.8,light rain
16,Torbay,CA,47.6666,-52.7314,75.97,81,75,28.77,broken clouds
17,Netanya,IL,32.3329,34.8599,92.84,61,0,7.63,clear sky
18,Ushuaia,AR,-54.8,-68.3,31.66,93,90,28.77,light snow
19,Mataura,NZ,-46.1927,168.8643,35.47,98,100,1.92,overcast clouds
20,Erbaa,TR,40.6689,36.5675,72.39,66,97,4.45,overcast clouds
21,Sorgun,TR,39.8101,35.186,75.06,40,97,14.61,light rain
22,Hermanus,ZA,-34.4187,19.2345,66.9,73,100,4.65,overcast clouds
23,Yellowknife,CA,62.456,-114.3525,64.92,72,75,14.97,light rain
24,San Carlos De Bariloche,AR,-41.1456,-71.3082,37.15,70,40,17.27,scattered clouds
25,Nikolskoye,RU,59.7035,30.7861,62.49,98,100,8.66,light rain
26,Cape Town,ZA,-33.9258,18.4232,67.12,75,100,1.99,overcast clouds
27,Hampton,US,37.0299,-76.3452,81.01,87,75,5.75,broken clouds
28,Meulaboh,ID,4.1363,96.1285,79.72,83,100,5.7,overcast clouds
29,Kinkala,CG,-4.3614,14.7644,91.0,30,43,10.36,scattered clouds
30,Kapaa,US,22.0752,-159.319,76.12,77,41,1.01,light rain
31,Hofn,IS,64.2539,-15.2082,54.59,88,100,9.4,moderate rain
32,Vaini,TO,-21.2,-175.2,68.16,83,40,9.22,scattered clouds
33,Turochak,RU,52.2576,87.1224,62.33,78,54,0.49,broken clouds
34,Calvillo,MX,21.85,-102.7167,68.59,72,95,2.3,overcast clouds
35,Albany,US,42.6001,-73.9662,81.63,77,100,2.84,overcast clouds
36,Sao Gabriel Da Cachoeira,BR,-0.1303,-67.0892,76.8,94,0,2.3,clear sky
37,Mae Ramat,TH,16.984,98.5166,75.06,99,95,1.95,overcast clouds
38,Monte Patria,CL,-30.6919,-70.9467,57.76,69,76,3.22,broken clouds
39,Saskylakh,RU,71.9167,114.0833,47.73,81,16,7.83,few clouds
40,Fort Saint James,CA,54.4333,-124.25,51.82,69,66,3.06,broken clouds
41,Santa Vitoria Do Palmar,BR,-33.5189,-53.3681,67.51,62,3,6.87,clear sky
42,Victoria,HK,22.2855,114.1577,84.33,86,100,8.3,overcast clouds
43,Comodoro Rivadavia,AR,-45.8667,-67.5,48.06,34,0,33.38,clear sky
44,Mednogorskiy,RU,43.9178,41.1825,69.66,92,82,1.72,light rain
45,Lasa,IT,46.6166,10.7002,75.11,79,100,7.25,overcast clouds
46,Leningradskiy,RU,69.3833,178.4167,37.45,92,100,8.14,overcast clouds
47,Springdale,US,36.1867,-94.1288,81.57,77,1,11.5,clear sky
48,Kloulklubed,PW,7.0419,134.2556,77.5,85,100,8.05,overcast clouds
49,Hami,CN,42.8,93.45,85.96,17,0,9.31,clear sky
50,Ponta Do Sol,PT,32.6667,-17.1,78.12,79,55,4.47,broken clouds
51,Lebu,CL,-37.6167,-73.65,50.65,71,7,16.2,clear sky
52,Puerto Ayora,EC,-0.7393,-90.3518,73.36,84,87,5.99,overcast clouds
53,Ilulissat,GL,69.2167,-51.1,48.22,61,75,4.61,broken clouds
54,Biak,ID,-0.9131,122.8766,75.49,87,100,3.89,overcast clouds
55,Bluff,NZ,-46.6,168.3333,35.8,65,100,6.08,overcast clouds
56,Vredendal,ZA,-31.6683,18.5012,76.86,24,69,3.62,broken clouds
57,Cockburn Town,TC,21.4612,-71.1419,84.16,70,40,9.22,scattered clouds
58,Ostrovnoy,RU,68.0531,39.5131,60.13,73,32,13.04,scattered clouds
59,Santiago Del Estero,AR,-27.7951,-64.2615,76.8,27,6,15.75,clear sky
60,Lagoa,PT,39.05,-27.9833,69.01,68,100,14.07,overcast clouds
61,Los Llanos De Aridane,ES,28.6585,-17.9182,73.15,95,75,10.36,broken clouds
62,Merauke,ID,-8.4667,140.3333,74.03,80,84,12.97,broken clouds
63,Bilibino,RU,68.0546,166.4372,41.9,77,40,7.02,scattered clouds
64,Noumea,NC,-22.2763,166.4572,60.78,70,100,4.36,overcast clouds
65,Atuona,PF,-9.8,-139.0333,77.23,82,92,19.28,light rain
66,Vila Velha,BR,-20.3297,-40.2925,71.55,73,75,8.05,broken clouds
67,Mangrol,IN,21.1167,70.1167,82.35,78,74,8.77,broken clouds
68,Arlit,NE,18.7369,7.3853,105.82,12,44,2.57,scattered clouds
69,Waipawa,NZ,-41.4122,175.5153,50.04,92,68,5.64,broken clouds
70,Aksarka,RU,66.5606,67.7975,68.38,65,6,14.41,clear sky
71,Tiksi,RU,71.6872,128.8694,45.59,82,100,4.21,overcast clouds
72,Punta Arenas,CL,-53.15,-70.9167,35.62,93,40,27.63,light shower snow
73,Hamilton,US,39.1834,-84.5333,81.86,70,1,1.99,clear sky
74,Upernavik,GL,72.7868,-56.1549,41.09,93,100,9.4,overcast clouds
75,Kucove,AL,40.8003,19.9167,91.33,27,2,11.23,clear sky
76,Valday,RU,57.9747,33.2525,68.23,86,99,5.39,overcast clouds
77,Qaanaaq,GL,77.484,-69.3632,41.32,72,91,6.13,overcast clouds
78,Saint-Francois,FR,46.4154,3.9054,71.04,68,40,5.75,scattered clouds
79,Longyearbyen,SJ,78.2186,15.6401,48.04,71,75,13.8,broken clouds
80,Rio Gallegos,AR,-51.6226,-69.2181,35.65,60,0,26.46,clear sky
81,Hirado,JP,33.3597,129.5531,81.41,84,89,11.59,light rain
82,Port Alfred,ZA,-33.5906,26.891,63.34,73,53,13.91,broken clouds
83,Namatanai,PG,-3.6667,152.4333,78.06,83,21,7.2,moderate rain
84,East London,ZA,-33.0153,27.9116,67.14,72,20,11.5,few clouds
85,Yulara,AU,-25.2406,130.9889,53.44,37,0,6.91,clear sky
86,Esperance,AU,-33.8667,121.9,64.24,64,100,19.26,overcast clouds
87,Nanortalik,GL,60.1432,-45.2371,48.31,77,100,16.55,overcast clouds
88,Pevek,RU,69.7008,170.3133,39.36,86,36,7.02,scattered clouds
89,Petropavlovsk-Kamchatskiy,RU,53.0452,158.6483,46.99,100,75,4.47,broken clouds
90,New Norfolk,AU,-42.7826,147.0587,38.71,83,63,2.62,broken clouds
91,Ambilobe,MG,-13.2,49.05,72.99,75,44,4.09,light rain
92,Santa Fe,AR,-31.6333,-60.7,75.99,58,0,5.01,clear sky
93,Oytal,KZ,42.9057,73.2697,82.17,25,58,3.0,broken clouds
94,Jizan,SA,17.3333,42.6667,81.54,42,100,10.65,overcast clouds
95,Carnarvon,AU,-24.8667,113.6333,68.07,90,90,9.22,overcast clouds
96,Mpanda,TZ,-6.3655,31.0409,88.36,21,58,6.64,broken clouds
97,Barao De Melgaco,BR,-16.1944,-55.9675,93.72,18,5,7.63,clear sky
98,Hilo,US,19.7297,-155.09,73.13,90,90,5.75,light rain
99,Zhigalovo,RU,54.8097,105.1578,55.18,96,35,3.89,scattered clouds
100,Hualmay,PE,-11.0964,-77.6139,66.31,73,58,10.36,broken clouds
101,Darhan,MN,49.4867,105.9228,61.54,75,94,2.51,overcast clouds
102,Cerasu,RO,45.3167,26.0333,80.92,46,0,6.58,clear sky
103,Hurricane,US,37.1753,-113.2899,77.59,15,0,3.44,clear sky
104,Sao Filipe,CV,14.8961,-24.4956,78.39,79,30,5.57,scattered clouds
105,Vung Tau,VN,10.346,107.0843,82.18,78,40,14.47,scattered clouds
106,Coahuayana,MX,18.7333,-103.6833,82.8,72,79,2.33,broken clouds
107,Isangel,VU,-19.55,169.2667,69.08,77,99,8.25,overcast clouds
108,Bulawayo,ZW,-20.15,28.5833,75.96,15,0,10.58,clear sky
109,Arraial Do Cabo,BR,-22.9661,-42.0278,71.56,64,40,16.11,scattered clouds
110,Katsuura,JP,35.1333,140.3,82.51,89,100,13.02,moderate rain
111,Dwarka,IN,22.2394,68.9678,82.31,77,92,10.89,overcast clouds
112,Te Anau,NZ,-45.4167,167.7167,36.07,98,100,3.67,overcast clouds
113,Port Lincoln,AU,-34.7333,135.8667,54.3,71,62,8.46,broken clouds
114,Polyarnyy,RU,69.1989,33.4478,73.87,49,10,6.58,clear sky
115,Saint-Augustin,CA,51.226,-58.6502,78.28,56,58,22.75,broken clouds
116,Mount Gambier,AU,-37.8333,140.7667,39.11,100,100,0.0,overcast clouds
117,Vostok,RU,46.4856,135.8833,61.95,99,100,3.2,overcast clouds
118,Iqaluit,CA,63.7506,-68.5145,47.93,81,90,17.27,light rain
119,Barrow,US,71.2906,-156.7887,35.62,82,90,6.91,haze
120,Atocha,BO,-20.9333,-66.2333,50.38,10,9,8.66,clear sky
121,Butaritari,KI,3.0707,172.7902,82.02,72,19,12.3,few clouds
122,Kontagora,NG,10.3999,5.4695,81.52,76,94,4.5,light rain
123,Kaitangata,NZ,-46.2817,169.8464,37.47,91,100,5.91,overcast clouds
124,Gladstone,AU,-23.85,151.25,57.13,82,0,5.75,clear sky
125,Morden,CA,49.1919,-98.1014,74.08,77,100,3.44,overcast clouds
126,Beringovskiy,RU,63.05,179.3167,44.1,89,100,25.84,light rain
127,Mayor Pablo Lagerenza,PY,-19.9309,-60.7718,93.88,19,0,15.26,clear sky
128,Cairns,AU,-16.9167,145.7667,67.95,88,75,12.66,broken clouds
129,Tuskegee,US,32.424,-85.6916,84.43,58,1,1.28,clear sky
130,Provideniya,RU,64.3833,-173.3,44.01,86,100,4.34,light rain
131,Chuy,UY,-33.6971,-53.4616,66.9,64,5,7.0,clear sky
132,Inuvik,CA,68.3499,-133.7218,42.01,87,90,4.61,overcast clouds
133,Thompson,CA,55.7435,-97.8558,62.76,72,40,6.91,smoke
134,Kudahuvadhoo,MV,2.6708,72.8944,82.11,77,100,14.36,moderate rain
135,Horqueta,PY,-23.3428,-57.0597,90.14,21,0,11.59,clear sky
136,Huilong,CN,31.8111,121.655,81.99,80,56,9.95,broken clouds
137,Goderich,CA,43.7501,-81.7165,76.03,73,84,8.05,broken clouds
138,Plettenberg Bay,ZA,-34.0527,23.3716,61.11,77,92,6.26,overcast clouds
139,Inhambane,MZ,-23.865,35.3833,72.23,66,0,9.24,clear sky
140,Namibe,AO,-15.1961,12.1522,77.63,69,75,14.97,broken clouds
141,Puerto Carreno,CO,6.189,-67.4859,78.12,80,96,2.21,overcast clouds
142,Manta,EC,-0.95,-80.7333,71.38,83,90,12.66,overcast clouds
143,Hithadhoo,MV,-0.6,73.0833,82.56,67,100,4.25,light rain
144,Bandarbeyla,SO,9.4942,50.8122,76.39,81,5,29.66,clear sky
145,Zhangjiakou,CN,40.81,114.8794,71.29,60,6,5.73,clear sky
146,Ust-Ishim,RU,57.6935,71.1665,64.74,97,94,4.45,overcast clouds
147,Swan Hill,AU,-35.3378,143.5544,51.87,65,100,2.82,overcast clouds
148,Hasaki,JP,35.7333,140.8333,79.2,90,100,9.44,light rain
149,Cidreira,BR,-30.1811,-50.2056,68.09,68,14,10.18,few clouds
150,Coolum Beach,AU,-26.5333,153.1,56.07,89,1,5.66,clear sky
151,Pinega,RU,64.7001,43.3936,64.71,53,92,4.36,overcast clouds
152,Yarmouth,US,41.7057,-70.2286,86.25,78,1,7.0,clear sky
153,Orlovskiy,RU,46.8714,42.0592,99.77,18,89,12.59,overcast clouds
154,Edd,ER,13.9297,41.6925,91.96,65,28,13.96,scattered clouds
155,Pakxan,LA,18.3778,103.6601,79.57,86,100,1.92,overcast clouds
156,Tilichiki,RU,60.4667,166.1,47.82,86,100,8.05,overcast clouds
157,Carlisle,US,40.2015,-77.1889,82.17,67,100,4.14,overcast clouds
158,Mahebourg,MU,-20.4081,57.7,70.09,68,75,6.91,broken clouds
159,Buchanan,LR,5.8808,-10.0467,81.9,66,61,10.11,broken clouds
160,Kirakira,SB,-10.4544,161.9205,77.02,83,100,6.93,overcast clouds
161,Westport,US,41.1415,-73.3579,85.35,61,1,1.01,clear sky
162,Fairbanks,US,64.8378,-147.7164,60.1,93,90,1.01,light rain
163,Narsaq,GL,60.9167,-46.05,52.02,69,100,0.67,overcast clouds
164,Ghanzi,BW,-21.5667,21.7833,81.3,12,0,7.87,clear sky
165,Katherine,AU,-14.4667,132.2667,61.12,36,73,5.75,broken clouds
166,North Bend,US,43.4065,-124.2243,62.94,100,90,3.44,mist
167,Faanui,PF,-16.4833,-151.75,77.9,69,94,9.24,overcast clouds
168,Salalah,OM,17.0151,54.0924,76.82,90,100,7.18,overcast clouds
169,Santa Maria,BR,-29.6842,-53.8069,76.3,50,0,13.8,clear sky
170,Algiers,DZ,36.7525,3.042,87.62,48,40,8.05,scattered clouds
171,Dingle,PH,10.9995,122.6711,77.38,88,19,4.83,light rain
172,Xuddur,SO,4.1213,43.8894,87.19,32,75,18.12,broken clouds
173,Suntar,RU,62.1444,117.6319,59.49,95,100,5.5,moderate rain
174,Verkhnetulomskiy,RU,68.6073,31.7962,73.53,44,54,2.66,broken clouds
175,Marzuq,YE,14.4,46.4667,90.25,34,9,12.44,clear sky
176,Kaspiysk,RU,42.8816,47.6392,87.98,58,0,17.9,clear sky
177,Kamenka,RU,51.3223,42.7678,87.04,25,78,9.71,broken clouds
178,Envira,BR,-7.3,-70.2167,91.33,29,0,2.21,clear sky
179,Danane,CI,7.2596,-8.155,88.27,39,90,4.61,overcast clouds
180,Port Elizabeth,ZA,-33.918,25.5701,67.1,77,0,10.36,clear sky
181,Rio Grande,BR,-32.035,-52.0986,72.95,71,0,9.84,clear sky
182,Kailua,US,21.4022,-157.7394,76.98,71,20,12.66,few clouds
183,Benguela,AO,-12.5763,13.4055,76.39,71,23,8.01,few clouds
184,Coquimbo,CL,-29.9533,-71.3436,55.13,76,75,6.91,broken clouds
185,Abu Zabad,SD,12.35,29.25,79.59,62,100,9.46,overcast clouds
186,Morondava,MG,-20.2833,44.2833,74.7,66,3,14.5,clear sky
187,Urusha,RU,54.05,122.9,57.99,98,100,5.79,overcast clouds
188,Caconda,AO,-13.7333,15.0667,81.88,9,5,6.64,clear sky
189,Chokurdakh,RU,70.6333,147.9167,46.76,79,6,7.72,clear sky
190,Emerald,AU,-23.5333,148.1667,55.54,38,0,5.75,clear sky
191,Geraldton,AU,-28.7667,114.6,66.61,94,90,17.27,overcast clouds
192,Portland,US,45.5234,-122.6762,67.86,81,40,3.0,scattered clouds
193,Teonthar,IN,24.9833,81.65,85.39,76,100,6.6,moderate rain
194,Sakaiminato,JP,35.55,133.2333,80.58,83,20,5.75,few clouds
195,Saint-Philippe,RE,-21.3585,55.7679,71.19,75,57,12.95,broken clouds
196,Kodiak,US,57.79,-152.4072,52.11,86,100,2.53,overcast clouds
197,Sidi Ali,DZ,36.0998,0.4206,83.12,47,24,17.25,few clouds
198,Mercedes,AR,-34.6515,-59.4307,72.86,56,8,7.83,clear sky
199,Buala,SB,-8.145,159.5921,78.67,77,98,2.53,overcast clouds
200,Palmas Bellas,PA,9.2319,-80.0867,82.31,85,98,6.2,overcast clouds
201,Brae,GB,60.3964,-1.353,62.51,89,100,25.37,overcast clouds
202,San Patricio,US,28.017,-97.5169,87.87,64,3,9.95,clear sky
203,Palmer,US,42.1584,-72.3287,84.38,64,90,0.0,overcast clouds
204,Bambous Virieux,MU,-20.3428,57.7575,70.05,68,75,6.91,broken clouds
205,Cherskiy,RU,68.75,161.3,50.45,56,100,5.97,overcast clouds
206,Mar Del Plata,AR,-38.0023,-57.5575,55.42,100,90,12.66,mist
207,Kedrovyy,RU,56.1667,91.8167,61.21,74,81,2.15,broken clouds
208,San Fernando De Henares,ES,40.4239,-3.5326,87.17,24,0,7.0,clear sky
209,Ribeira Grande,PT,38.5167,-28.7,73.8,56,40,11.5,scattered clouds
210,Puerto Colombia,CO,10.9878,-74.9547,84.29,67,59,5.73,broken clouds
211,Yangambi,CD,0.8102,24.4336,77.61,67,94,2.42,overcast clouds
212,Mantua,IT,45.1667,10.7833,93.09,57,52,5.99,broken clouds
213,High Rock,BS,26.6208,-78.2833,86.02,68,3,11.86,clear sky
214,Richards Bay,ZA,-28.783,32.0377,67.21,67,1,6.31,clear sky
215,Vao,NC,-22.6667,167.4833,67.51,61,100,9.37,moderate rain
216,Cabo San Lucas,MX,22.8909,-109.9124,85.51,72,89,7.61,overcast clouds
217,Bowen,AU,-20.0167,148.2333,55.62,82,1,11.41,clear sky
218,Ponta Delgada,PT,37.7333,-25.6667,75.92,53,40,13.8,scattered clouds
219,Atambua,ID,-9.1061,124.8925,68.29,77,43,5.84,scattered clouds
220,Yar-Sale,RU,66.8333,70.8333,69.71,67,9,1.19,clear sky
221,Evensk,RU,61.95,159.2333,55.31,86,100,13.4,overcast clouds
222,Castro,BR,-24.7911,-50.0119,66.0,59,97,7.2,overcast clouds
223,Guerrero Negro,MX,27.9769,-114.0611,72.93,75,3,6.93,clear sky
224,Joshimath,IN,30.5667,79.5667,71.26,94,99,1.9,overcast clouds
225,Pisco,PE,-13.7,-76.2167,62.65,72,90,2.3,overcast clouds
226,Kousseri,CM,12.0769,15.0306,87.76,58,75,8.05,light rain
227,Arinos,BR,-15.9169,-46.1056,76.73,36,100,7.78,overcast clouds
228,Severo-Kurilsk,RU,50.6789,156.125,53.28,86,97,14.29,overcast clouds
229,Korem,ET,12.5058,39.5228,64.53,68,8,5.06,moderate rain
230,Neiafu,TO,-18.65,-173.9833,75.16,59,57,14.14,broken clouds
231,Tuatapere,NZ,-46.1333,167.6833,35.82,94,100,1.36,overcast clouds
232,Ancud,CL,-41.8697,-73.8203,45.43,66,86,4.59,overcast clouds
233,Souillac,MU,-20.5167,57.5167,70.18,68,75,6.91,broken clouds
234,Kawalu,ID,-7.3817,108.2082,72.63,98,22,1.19,few clouds
235,Lorengau,PG,-2.0226,147.2712,79.56,80,46,6.78,moderate rain
236,Namtsy,RU,62.7161,129.6658,66.31,47,13,11.54,few clouds
237,Terni,IT,42.6833,12.3167,89.98,35,0,16.08,clear sky
238,Constitucion,CL,-35.3333,-72.4167,55.38,69,54,8.66,broken clouds
239,Tessalit,ML,20.1986,1.0114,106.63,15,100,8.88,overcast clouds
240,Katangli,RU,51.7102,143.2326,52.99,85,97,11.16,overcast clouds
241,Karonga,MW,-9.9333,33.9333,74.75,61,3,6.93,clear sky
242,Zhigansk,RU,66.7697,123.3711,61.32,49,91,10.04,overcast clouds
243,Sherbrooke,CA,45.4001,-71.8991,80.13,61,75,4.61,broken clouds
244,Vila,PT,42.0304,-8.1588,66.7,56,37,9.98,scattered clouds
245,Tenenkou,ML,14.4572,-4.9169,86.49,56,99,14.29,overcast clouds
246,Tura,IN,25.5198,90.2201,74.88,98,100,5.37,overcast clouds
247,Svetlogorsk,BY,52.6333,29.7333,64.27,72,96,11.18,overcast clouds
248,El Alto,PE,-4.2714,-81.2147,62.26,65,61,11.86,broken clouds
249,Abalak,RU,58.1286,68.5944,59.52,99,100,5.59,overcast clouds
250,La Ronge,CA,55.1001,-105.2842,66.42,88,40,3.44,scattered clouds
251,Kahului,US,20.8947,-156.47,75.22,76,1,11.5,clear sky
252,Saint-Georges,GD,12.0564,-61.7485,85.68,70,40,13.8,scattered clouds
253,Teacapan,MX,22.55,-105.75,80.96,81,100,1.07,overcast clouds
254,Coihaique,CL,-45.5752,-72.0662,40.95,75,75,4.61,light rain
255,Sao Joao Da Barra,BR,-21.6403,-41.0511,73.49,60,99,13.44,light rain
256,Moindou,NC,-21.6924,165.677,60.75,72,100,1.59,overcast clouds
257,Crossville,US,35.949,-85.0269,78.1,77,40,1.99,scattered clouds
258,Nuuk,GL,64.1835,-51.7216,43.47,82,100,8.43,overcast clouds
259,Benjamin Hill,MX,30.1667,-111.1,80.17,76,80,7.63,broken clouds
260,Yerbogachen,RU,61.2767,108.0108,54.19,62,96,5.35,overcast clouds
261,Dori,BF,14.0354,-0.0345,98.29,33,6,11.01,clear sky
262,Codrington,AU,-38.2667,141.9667,47.66,83,90,5.59,overcast clouds
263,Krasnoselkup,RU,65.7,82.4667,70.38,56,17,6.46,few clouds
264,Labrea,BR,-7.2586,-64.7981,96.91,23,0,2.1,clear sky
265,Bengkulu,ID,-3.8004,102.2655,77.7,88,17,3.44,few clouds
266,Dikson,RU,73.5069,80.5464,50.09,70,14,10.04,few clouds
267,Kendari,ID,-3.945,122.4989,74.57,88,100,3.02,overcast clouds
268,Loikaw,MM,19.6742,97.2094,69.48,95,82,2.95,broken clouds
269,Vagay,RU,57.9375,69.0217,60.17,98,100,5.73,overcast clouds
270,Albion,US,42.2431,-84.753,74.98,89,90,4.61,moderate rain
271,Broken Hill,AU,-31.95,141.4333,47.91,66,0,8.05,clear sky
272,Avarua,CK,-21.2078,-159.775,73.45,88,20,4.61,few clouds
273,Unai,BR,-16.3575,-46.9061,74.84,39,100,9.4,overcast clouds
274,Nemuro,JP,43.3236,145.575,69.13,96,2,5.75,clear sky
275,Mayumba,GA,-3.432,10.6554,74.01,81,100,9.19,overcast clouds
276,Gamba,GA,-2.65,10.0,75.51,76,100,8.93,overcast clouds
277,Sakakah,SA,29.9697,40.2064,105.37,10,2,14.07,clear sky
278,Vagur,FO,61.4732,-6.8119,55.26,86,100,29.53,overcast clouds
279,Boyolangu,ID,-8.1181,111.8935,75.33,95,37,2.08,scattered clouds
280,Nokaneng,BW,-19.6667,22.2667,85.84,10,0,10.04,clear sky
281,Sola,VU,-13.8833,167.55,78.55,77,76,18.77,broken clouds
282,Alta Floresta,BR,-9.8756,-56.0861,89.42,33,0,11.5,clear sky
283,Conde,BR,-7.2597,-34.9075,76.46,83,75,17.27,broken clouds
284,Dawlatabad,AF,36.4141,64.9053,94.57,11,0,6.89,clear sky
285,Alcantara,BR,-2.4089,-44.4147,84.4,55,21,6.11,few clouds
286,Anqiu,CN,36.4342,119.1925,74.59,86,43,1.03,light rain
287,Myra,IT,45.4358,12.1348,88.14,57,0,9.22,clear sky
288,Kavaratti,IN,10.5669,72.642,82.11,79,100,19.28,overcast clouds
289,Filingue,NE,14.3521,3.3168,100.13,31,38,11.97,scattered clouds
290,Flinders,AU,-34.5833,150.8552,54.21,74,99,1.99,overcast clouds
291,Sapa,PH,5.1544,120.3241,83.25,76,99,7.65,overcast clouds
292,Anadyr,RU,64.75,177.4833,39.7,87,20,4.47,few clouds
293,Fortuna,US,40.5982,-124.1573,59.86,75,90,0.0,overcast clouds
294,Chunhuhub,MX,19.55,-88.6833,87.22,59,13,5.91,few clouds
295,Saint-Pierre,RE,-21.3393,55.4781,71.28,72,90,3.44,overcast clouds
296,Victor Harbor,AU,-35.5667,138.6167,53.47,81,61,3.27,broken clouds
297,Gornyy,RU,55.1153,83.9059,62.4,90,61,3.89,broken clouds
298,Simbahan,PH,6.3032,120.5836,83.97,75,83,9.86,broken clouds
299,Terrace,CA,54.5163,-128.6035,55.31,100,75,3.44,mist
300,Winona,US,43.9666,-91.7668,68.63,85,90,9.22,light rain
301,Kuala Terengganu,MY,5.3302,103.1408,84.15,84,20,2.3,few clouds
302,Koygorodok,RU,60.445,50.9968,64.87,52,100,4.52,overcast clouds
303,Parangan,PH,5.0839,119.9383,83.75,75,98,9.31,overcast clouds
304,Umm Kaddadah,SD,13.6017,26.6876,85.39,45,83,12.01,broken clouds
305,Beysehir,TR,37.6773,31.7246,67.14,62,77,4.45,light rain
306,Okha,RU,53.5739,142.9478,52.02,86,24,11.88,few clouds
307,Lompoc,US,34.6391,-120.4579,62.92,92,90,3.44,mist
308,Blois,FR,47.5833,1.3333,70.43,46,85,20.85,light rain
309,Lumberton,US,34.6182,-79.0086,81.93,89,100,4.38,overcast clouds
310,Georgetown,MY,5.4112,100.3354,85.95,77,20,3.44,few clouds
311,Whitehorse,CA,60.7161,-135.0538,54.37,94,75,4.61,broken clouds
312,Port Macquarie,AU,-31.4333,152.9167,49.96,100,11,3.44,few clouds
313,Salaga,GH,8.5508,-0.5188,85.66,54,99,7.07,overcast clouds
314,Bonnyville,CA,54.2668,-110.735,61.92,57,100,3.04,overcast clouds
315,Marsh Harbour,BS,26.5412,-77.0636,84.15,70,7,11.74,clear sky
316,Barmer,IN,25.75,71.3833,92.7,41,15,15.46,few clouds
317,Kenai,US,60.5544,-151.2583,49.14,98,40,3.44,scattered clouds
318,Rio Branco,BR,-9.9747,-67.81,79.41,69,0,2.3,clear sky
319,Marsa Matruh,EG,31.3525,27.2453,86.2,62,20,23.02,few clouds
320,Maku,IR,39.2911,44.4521,75.49,50,99,5.35,overcast clouds
321,Orotukan,RU,62.2667,151.7,48.61,87,73,1.88,broken clouds
322,Tiarei,PF,-17.5333,-149.3333,71.62,76,23,6.08,few clouds
323,Coruripe,BR,-10.1256,-36.1756,78.28,58,16,14.58,few clouds
324,Misratah,LY,32.3754,15.0925,87.69,59,0,15.77,clear sky
325,Chalus,IR,36.655,51.4204,85.46,70,20,6.91,few clouds
326,Yanaul,RU,56.2719,54.9309,69.06,49,90,8.21,overcast clouds
327,Torbat-E Jam,IR,35.244,60.6225,89.4,14,0,15.9,clear sky
328,Sabancuy,MX,18.9667,-91.1833,85.05,64,44,8.43,scattered clouds
329,Dzaoudzi,YT,-12.7887,45.2699,76.89,73,0,5.75,clear sky
330,Malanje,AO,-9.5402,16.341,87.87,8,26,4.97,scattered clouds
331,Manavalakurichi,IN,8.1333,77.3,78.89,84,100,17.98,moderate rain
332,Acarau,BR,-2.8856,-40.12,89.92,44,10,15.37,clear sky
333,Klaksvik,FO,62.2266,-6.589,68.92,89,100,20.38,overcast clouds
334,Grindavik,IS,63.8424,-22.4338,59.47,67,75,4.61,broken clouds
335,Karasjok,NO,69.4719,25.5112,75.31,41,49,12.55,scattered clouds
336,Dauriya,RU,49.9333,116.8667,70.66,54,27,21.45,scattered clouds
337,Talnakh,RU,69.4865,88.3972,66.34,47,83,5.03,broken clouds
338,Henties Bay,NA,-22.116,14.2845,59.86,60,2,10.13,clear sky
339,Zeya,RU,53.75,127.2667,58.68,89,100,4.25,overcast clouds
340,Elliot,ZA,-31.3333,27.85,60.3,14,13,5.46,few clouds
341,Cascais,PT,38.6979,-9.4215,78.66,51,20,11.01,few clouds
342,Airai,TL,-8.9266,125.4092,53.83,82,31,2.82,scattered clouds
343,Puerto Del Rosario,ES,28.5004,-13.8627,80.28,65,20,17.27,few clouds
344,Takhtamygda,RU,54.1,123.5667,58.01,97,100,4.52,overcast clouds
345,Trairi,BR,-3.2778,-39.2689,90.61,39,59,15.28,broken clouds
346,Kruisfontein,ZA,-34.0033,24.7314,63.88,75,100,6.71,overcast clouds
347,Solnechnyy,RU,50.7214,136.6319,52.2,96,100,10.76,light rain
348,Bethel,US,41.3712,-73.414,83.48,76,100,5.44,overcast clouds
349,Oranjemund,NA,-28.55,16.4333,63.81,53,23,6.49,few clouds
350,Derzhavinsk,KZ,51.1,66.3167,73.51,43,0,14.9,clear sky
351,Port Hawkesbury,CA,45.6169,-61.3485,79.02,75,1,3.0,clear sky
352,Uchaly,RU,54.2996,59.4521,61.38,52,88,7.47,overcast clouds
353,Touros,BR,-5.1989,-35.4608,85.1,53,50,22.64,scattered clouds
354,Norman Wells,CA,65.282,-126.8329,44.64,76,90,9.22,overcast clouds
355,Montgomery,US,39.1501,-77.1997,81.9,76,1,1.01,clear sky
356,Gobabis,NA,-22.45,18.9667,80.22,12,0,7.18,clear sky
357,Korla,CN,41.7597,86.1469,84.51,27,6,7.92,clear sky
358,Road Town,VG,18.4167,-64.6167,86.04,74,20,12.73,few clouds
359,Dali,CN,25.7,100.1833,66.47,90,100,5.37,overcast clouds
360,San Quintin,MX,30.4833,-115.95,68.22,82,25,2.75,scattered clouds
361,Jiangkou,CN,25.4872,119.1986,78.69,94,99,6.91,overcast clouds
362,Tual,ID,-5.6667,132.75,80.64,79,100,20.8,overcast clouds
363,Klyuchi,RU,52.2667,79.1667,72.59,42,48,8.25,scattered clouds
364,Quchan,IR,37.106,58.5095,81.88,18,3,11.03,clear sky
365,Qasigiannguit,GL,68.8193,-51.1922,43.9,60,100,7.78,overcast clouds
366,Bonthe,SL,7.5264,-12.505,82.96,58,100,9.55,overcast clouds
367,Calabozo,VE,8.9242,-67.4293,84.31,69,13,2.44,few clouds
368,Gat,IL,31.61,34.7642,97.39,45,0,7.36,clear sky
369,Ercis,TR,39.0287,43.3586,73.0,46,31,4.21,scattered clouds
370,North Platte,US,41.1239,-100.7654,73.29,63,20,7.0,few clouds
371,Kothi,IN,24.75,80.7833,79.63,82,100,9.31,moderate rain
372,Muhos,FI,64.808,25.9931,75.88,38,0,10.69,clear sky
373,Kenora,CA,49.8167,-94.4337,60.19,94,90,5.75,smoke
374,Barranca,PE,-10.75,-77.7667,65.44,75,50,10.18,scattered clouds
375,Port Hedland,AU,-20.3167,118.5667,64.45,55,9,4.61,clear sky
376,Margate,GB,51.3813,1.3862,68.7,63,57,8.01,broken clouds
377,Hovd,MN,48.0056,91.6419,59.04,60,70,6.17,broken clouds
378,Tezu,IN,27.9167,96.1667,78.19,98,90,2.86,overcast clouds
379,Balkhash,KZ,46.844,74.9804,76.37,40,2,7.45,clear sky
380,Odweyne,SO,9.4092,45.064,87.44,30,38,17.67,scattered clouds
381,Stornoway,GB,58.2093,-6.3865,67.93,88,40,13.8,scattered clouds
382,Raudeberg,NO,61.9875,5.1352,74.98,71,100,2.91,overcast clouds
383,Azua,DO,18.4532,-70.7349,88.59,50,0,5.64,clear sky
384,Hohhot,CN,40.8106,111.6522,68.29,42,0,4.47,clear sky
385,Saint George,US,37.1041,-113.5841,73.99,18,1,5.75,clear sky
386,Matagami,CA,49.7502,-77.6328,53.71,71,1,4.61,clear sky
387,Waycross,US,31.2136,-82.354,78.67,97,75,3.44,moderate rain
388,Cayenne,GF,4.9333,-52.3333,88.09,75,90,5.01,overcast clouds
389,Taoudenni,ML,22.6783,-3.9836,116.6,7,8,11.1,clear sky
390,Muslyumovo,RU,55.3033,53.1947,64.17,60,100,4.9,overcast clouds
391,Karratha,AU,-20.7377,116.8463,71.56,65,96,6.51,light rain
392,Hurghada,EG,27.2574,33.8129,100.44,27,0,6.91,clear sky
393,Sioux Lookout,CA,50.1001,-91.917,57.58,82,90,5.75,smoke
394,Canavieiras,BR,-15.675,-38.9472,77.65,48,17,10.8,few clouds
395,Havoysund,NO,70.9963,24.6622,70.68,69,47,4.05,scattered clouds
396,San Joaquin,US,37.9333,-121.3011,72.36,36,0,3.4,clear sky
397,Hay River,CA,60.8156,-115.7999,60.78,94,90,2.3,moderate rain
398,Presidente Olegario,BR,-18.4178,-46.4181,69.19,44,100,10.78,overcast clouds
399,Rocha,UY,-34.4833,-54.3333,70.84,62,7,10.94,clear sky
400,High Prairie,CA,55.4334,-116.4858,49.3,76,92,11.61,overcast clouds
401,Sao Felix Do Xingu,BR,-6.6447,-51.995,95.59,21,4,6.4,clear sky
402,Manado,ID,1.487,124.8455,83.17,69,40,6.91,scattered clouds
403,Oranjestad,AW,12.524,-70.027,85.95,70,40,23.02,scattered clouds
404,San Roque,ES,36.2107,-5.3842,86.81,54,0,13.8,clear sky
405,Seydi,TM,39.4816,62.9137,99.27,11,8,14.29,clear sky
406,Mount Isa,AU,-20.7333,139.5,49.77,37,0,4.61,clear sky
407,Callaway,US,30.153,-85.5699,87.98,70,75,3.0,broken clouds
408,Kyren,RU,51.6828,102.1408,58.75,87,95,1.25,overcast clouds
409,Khash,IR,28.2211,61.2158,92.35,11,61,9.82,broken clouds
410,Richmond,US,37.5538,-77.4603,73.89,97,90,1.99,heavy intensity rain
411,Naze,JP,28.3667,129.4833,79.83,84,100,11.79,moderate rain
412,Kitami,JP,43.8031,143.8908,70.09,99,80,2.89,broken clouds
413,Corum,TR,40.5,34.75,75.2,42,84,14.72,broken clouds
414,Krikellos,GR,38.95,21.1833,100.06,32,5,6.44,clear sky
415,Balkanabat,TM,39.5108,54.3671,104.85,10,0,12.3,clear sky
416,Moussoro,TD,13.6408,16.4901,91.44,45,100,11.77,overcast clouds
417,Aklavik,CA,68.2191,-135.0107,41.83,100,90,11.5,overcast clouds
418,Agadez,NE,19.75,10.25,106.84,6,68,10.11,broken clouds
419,Ust-Nera,RU,64.5667,143.2,56.12,68,63,1.45,broken clouds
420,Port-Gentil,GA,-0.7193,8.7815,80.56,74,75,13.8,broken clouds
421,Padang,ID,-0.9492,100.3543,77.05,85,18,3.56,few clouds
422,Xining,CN,36.6167,101.7667,64.69,41,100,2.19,overcast clouds
423,Thinadhoo,MV,0.5333,72.9333,81.68,71,100,10.18,heavy intensity rain
424,Bairiki,KI,1.3292,172.9752,80.6,74,20,3.44,few clouds
425,Bitung,ID,1.4451,125.1824,83.25,88,100,18.66,overcast clouds
426,Santana Do Livramento,BR,-30.8908,-55.5328,73.45,55,0,12.5,clear sky
427,Bella Vista,US,36.4295,-94.2316,83.34,72,1,1.01,clear sky
428,Bombay,IN,19.0144,72.8479,82.38,89,75,5.75,light intensity drizzle
429,Puerto Escondido,MX,15.85,-97.0667,82.06,77,99,4.07,overcast clouds
430,San Angelo,US,31.4638,-100.437,81.54,75,1,5.01,clear sky
431,Yima,CN,34.7381,111.8839,76.86,78,20,4.88,few clouds
432,Masuguru,TZ,-11.3667,38.4167,88.34,23,34,6.46,scattered clouds
433,Tarko-Sale,RU,64.9225,77.785,71.87,49,0,6.85,clear sky
434,Alugan,PH,12.2188,125.4808,82.56,75,99,1.92,overcast clouds
435,Olafsvik,IS,64.8945,-23.7142,54.48,77,54,1.59,broken clouds
436,Sawakin,SD,19.1059,37.3321,98.13,42,5,10.69,clear sky
437,Husavik,IS,66.0449,-17.3389,57.11,62,75,7.54,moderate rain
438,Camocim,BR,-2.9022,-40.8411,92.12,41,2,9.01,clear sky
439,Traverse City,US,44.7631,-85.6206,74.14,84,72,3.15,broken clouds
440,Luanda,AO,-8.8368,13.2343,77.0,69,0,8.05,clear sky
441,Sungaipenuh,ID,-2.0833,101.3833,65.35,97,46,1.79,scattered clouds
442,Harrisburg,US,40.2737,-76.8844,81.18,70,100,1.99,overcast clouds
443,Laguna,US,38.421,-121.4238,80.08,66,75,1.99,smoke
444,Paraiso,CR,9.8383,-83.8656,74.95,62,84,3.53,broken clouds
445,Sassandra,CI,4.95,-6.0833,79.48,73,100,10.38,overcast clouds
446,Punto Fijo,VE,11.6956,-70.1996,85.23,64,38,23.82,scattered clouds
447,Nantucket,US,41.2835,-70.0995,82.09,86,1,9.22,clear sky
448,Mokhsogollokh,RU,61.4681,128.9203,61.09,54,99,9.64,overcast clouds
449,Nome,US,64.5011,-165.4064,44.17,95,100,13.4,overcast clouds
450,Rawson,AR,-43.3002,-65.1023,51.35,32,0,28.97,clear sky
451,Mehran,IR,33.1222,46.1646,99.88,8,19,15.93,few clouds
452,Kigoma,TZ,-4.8769,29.6267,80.42,57,36,7.7,scattered clouds
453,Ginir,ET,7.1333,40.7,68.11,57,100,10.51,light rain
454,Saint Anthony,US,45.0205,-93.218,70.25,94,90,1.99,light rain
455,Seoul,KR,37.5683,126.9778,78.4,78,0,3.44,clear sky
456,Bull Savanna,JM,17.8868,-77.5902,85.28,56,0,5.97,clear sky
457,Pascagoula,US,30.3658,-88.5561,86.04,74,5,0.74,clear sky
458,Baruun-Urt,MN,46.6806,113.2792,69.1,40,99,6.64,overcast clouds
459,Warrnambool,AU,-38.3833,142.4833,46.81,78,99,3.83,overcast clouds
460,Otaru,JP,43.1894,141.0022,76.59,84,100,7.23,overcast clouds
461,Tete,MZ,-16.1564,33.5867,89.69,27,40,6.91,scattered clouds
462,Iskateley,RU,67.6803,53.1512,53.19,68,100,9.62,overcast clouds
463,Baherden,TM,38.4362,57.4316,101.16,11,0,9.42,clear sky
464,Berlevag,NO,70.8578,29.0864,63.09,61,44,8.34,scattered clouds
465,Luderitz,NA,-26.6481,15.1594,66.27,47,2,4.72,clear sky
466,Juneau,US,58.3019,-134.4197,58.84,98,100,1.72,overcast clouds
467,Natal,BR,-5.795,-35.2094,84.85,51,40,25.32,scattered clouds
468,Praia Da Vitoria,PT,38.7333,-27.0667,75.76,64,40,13.71,scattered clouds
469,Samana,DO,19.2056,-69.3369,84.16,89,40,0.0,scattered clouds
470,Ixtapa,MX,20.7,-105.2,79.23,89,95,0.69,overcast clouds
471,Phan Thiet,VN,10.9333,108.1,80.64,84,70,8.01,broken clouds
472,Saurimo,AO,-9.6608,20.3916,88.12,18,0,0.0,clear sky
473,Manaus,BR,-3.1019,-60.025,88.3,66,40,2.3,scattered clouds
474,Akureyri,IS,65.6835,-18.0878,57.13,82,75,5.75,broken clouds
475,San Jose,US,37.3394,-121.895,65.86,86,90,3.44,overcast clouds
476,Japura,ID,-0.3167,102.35,80.53,80,95,3.27,overcast clouds
477,Winnemucca,US,40.973,-117.7357,74.32,18,4,2.08,clear sky
478,Mengcheng,CN,33.2579,116.5655,76.08,92,0,6.29,light rain
479,Bara,NG,10.3744,10.7288,85.78,71,92,10.51,overcast clouds
480,Hanzhong,CN,33.0728,107.0303,69.06,83,74,1.3,light rain
481,Chapais,CA,49.7834,-74.8492,51.58,51,28,7.92,scattered clouds
482,Jupiter,US,26.9342,-80.0942,89.62,85,16,5.99,few clouds
483,Kabare,CD,-2.4683,28.8242,72.32,58,86,2.37,overcast clouds
484,Tahe,CN,52.3333,124.7333,61.57,98,79,3.58,broken clouds
485,Hoi An,VN,15.8794,108.335,87.76,78,98,6.93,overcast clouds
486,Allapalli,IN,19.4167,80.0667,77.88,92,99,3.13,overcast clouds
487,Yaring,TH,6.8662,101.3689,81.0,78,26,6.76,scattered clouds
488,Terra Santa,BR,-2.1042,-56.4869,93.78,37,10,5.21,clear sky
489,Pacific Grove,US,36.6177,-121.9166,63.43,96,38,3.71,scattered clouds
490,Salgar,CO,5.965,-75.9654,76.89,72,52,1.9,broken clouds
491,Ahuimanu,US,21.4447,-157.8378,76.71,72,20,12.66,few clouds
492,Winslow,US,35.0242,-110.6974,76.96,53,0,11.25,clear sky
493,Kefamenanu,ID,-9.4467,124.4781,64.83,85,35,4.36,scattered clouds
494,Ambulu,ID,-8.345,113.6058,76.64,90,53,2.48,broken clouds
495,Vanimo,PG,-2.6741,141.3028,77.32,88,100,4.34,overcast clouds
496,Beyneu,KZ,45.3167,55.2,97.61,12,0,8.79,clear sky
497,Norrtalje,SE,59.758,18.705,62.02,97,100,12.84,light rain
498,Gigmoto,PH,13.7796,124.39,82.35,83,92,7.7,overcast clouds
499,Antofagasta,CL,-23.65,-70.4,58.28,64,14,6.96,few clouds
500,Byron Bay,AU,-28.65,153.6167,50.11,66,0,5.97,clear sky
501,Dhanwar,IN,24.4167,85.9833,82.99,79,98,5.61,moderate rain
502,Sibolga,ID,1.7427,98.7792,78.26,88,78,3.09,broken clouds
503,Neryungri,RU,56.6709,124.6491,52.72,92,100,7.67,overcast clouds
504,Tonstad,NO,58.6626,6.7169,65.55,74,100,19.66,light rain
505,Lata,PT,40.1629,-8.3327,79.03,33,5,12.37,clear sky
506,Lyaskelya,RU,61.7667,31.0167,66.56,64,100,13.89,overcast clouds
507,Maceio,BR,-9.6658,-35.7353,80.04,65,75,14.97,broken clouds
508,Lensk,RU,60.7253,114.9278,59.97,99,100,1.99,overcast clouds
509,Kandrian,PG,-6.2167,149.55,75.61,91,66,7.29,broken clouds
510,Madison,US,34.7334,-86.5667,78.94,89,40,4.0,mist
511,Abu Samrah,SY,35.3029,37.1841,94.86,18,0,19.62,clear sky
512,Gurupa,BR,-1.405,-51.64,92.8,36,2,4.12,clear sky
513,Makakilo City,US,21.3469,-158.0858,75.52,75,12,14.38,few clouds
514,Amarante Do Maranhao,BR,-5.5667,-46.7422,92.73,29,9,8.86,clear sky
515,Avera,US,33.194,-82.5271,79.92,71,99,2.89,overcast clouds
516,Alofi,NU,-19.0595,-169.9187,73.29,83,21,9.22,few clouds
517,Emba,KZ,48.8264,58.1442,85.21,18,23,12.41,few clouds
518,Skibbereen,IE,51.55,-9.2667,62.4,71,16,24.81,few clouds
519,Brufut,GM,13.3814,-16.7518,87.89,70,75,11.5,broken clouds
520,Prescott Valley,US,34.5894,-112.3252,81.39,55,0,5.99,clear sky
521,Balabac,PH,7.9868,117.0645,82.63,75,43,1.41,scattered clouds
522,Clyde River,CA,70.4692,-68.5914,39.43,100,90,10.36,light intensity drizzle
523,Trinidad,BO,-14.8333,-64.9,80.58,61,2,3.44,clear sky
524,Pandan Niog,PH,6.2282,120.5631,84.02,75,78,10.0,broken clouds
525,Baykit,RU,61.67,96.37,60.28,62,13,3.71,few clouds
526,Carutapera,BR,-1.195,-46.02,87.17,54,12,7.74,few clouds
527,Tomatlan,MX,19.9333,-105.25,80.62,80,80,2.82,broken clouds
528,Severo-Yeniseyskiy,RU,60.3725,93.0408,62.98,56,57,1.45,broken clouds
529,Raga,SS,8.4596,25.678,79.79,74,98,6.08,overcast clouds
530,Rio Bueno,CL,-40.3167,-72.9667,37.54,91,83,1.59,broken clouds
531,Vire,FR,48.9167,-0.8333,61.99,86,96,17.2,overcast clouds
532,Almaznyy,RU,48.0448,40.045,91.54,20,100,12.62,overcast clouds
533,Palana,RU,59.1167,159.9667,46.94,79,99,3.85,overcast clouds
534,Kanigiri,IN,15.4,79.5167,93.24,41,54,11.3,broken clouds
535,Castries,LC,13.9957,-61.0061,84.27,70,40,9.22,scattered clouds
536,Alexandria,EG,31.2156,29.9553,89.56,58,20,12.66,few clouds
537,Srednekolymsk,RU,67.45,153.6833,43.09,73,91,6.85,overcast clouds
538,La Primavera,CO,5.4906,-70.4092,83.16,64,66,3.98,broken clouds
539,Burlington,US,39.8835,-74.6413,85.03,63,100,3.0,overcast clouds
540,Svetlaya,RU,46.5389,138.3297,60.76,96,100,20.8,moderate rain
541,Kavieng,PG,-2.5744,150.7967,81.99,78,81,15.48,moderate rain
542,Yatou,CN,37.15,122.3833,72.95,86,99,0.6,overcast clouds
543,Monticello,US,45.3055,-93.7941,70.56,94,90,3.44,moderate rain
544,Sokolskoye,RU,57.1412,43.1589,69.98,74,96,10.96,heavy intensity rain
545,Dunedin,NZ,-45.8742,170.5036,39.79,71,100,8.25,overcast clouds
546,Shreveport,US,32.5251,-93.7502,85.03,76,0,1.01,clear sky
547,Kamaishi,JP,39.2667,141.8833,76.57,96,100,6.24,overcast clouds
548,Ossora,RU,59.2353,163.0719,54.19,68,100,6.02,overcast clouds
549,Mackenzie,CA,55.2999,-123.1698,52.02,76,90,6.91,overcast clouds
550,Zabol,AF,32.25,67.25,81.79,11,0,10.63,clear sky
551,Casale Monferrato,IT,45.1334,8.4571,85.51,61,100,2.13,overcast clouds
552,Zhanaozen,KZ,43.3,52.8,101.3,9,0,7.4,clear sky
553,Golden,US,39.7555,-105.2211,75.88,54,40,1.01,haze
554,Dukat,RU,62.55,155.55,44.02,97,100,3.87,overcast clouds
555,Mareeba,AU,-17.0,145.4333,63.32,97,100,1.79,overcast clouds
556,Fort Nelson,CA,58.8053,-122.7002,58.59,94,90,13.8,moderate rain
557,Kralendijk,BQ,12.15,-68.2667,81.73,78,7,18.75,clear sky
558,Manakara,MG,-22.1333,48.0167,67.44,80,0,4.81,clear sky
559,Labuhan,ID,-6.8844,112.2051,79.92,83,19,11.07,few clouds
560,Stepnyak,KZ,52.8339,70.7803,66.33,65,38,10.2,scattered clouds
561,Port Blair,IN,11.6667,92.75,80.64,83,75,4.61,mist
562,Mogadishu,SO,2.0371,45.3438,80.47,65,75,17.27,light rain
563,Chebenki,RU,51.9337,55.7077,82.15,20,3,11.52,clear sky
564,Mariara,VE,10.2964,-67.7181,80.06,63,26,2.33,scattered clouds
565,Zalantun,CN,48.0,122.7167,66.52,85,7,2.1,clear sky
566,Nago,JP,26.5881,127.9761,84.63,86,100,21.21,moderate rain
567,Andenes,NO,69.3143,16.1194,67.46,77,83,6.91,broken clouds
568,Esperantina,BR,-3.9017,-42.2336,94.8,28,5,7.76,clear sky
569,Camacha,PT,33.0833,-16.3333,71.02,78,40,14.97,scattered clouds
570,Navrongo,GH,10.8956,-1.0921,87.73,55,95,6.85,overcast clouds
571,Seredka,RU,58.1584,28.1858,74.95,87,84,6.96,broken clouds
572,Luba,GQ,3.4568,8.5547,84.09,83,99,5.44,light rain
573,Erenhot,CN,43.6475,111.9767,82.71,23,95,6.62,overcast clouds
574,Usinsk,RU,65.9939,57.5281,52.65,83,100,7.85,overcast clouds
575,Horsens,DK,55.8607,9.8503,70.34,70,70,8.52,broken clouds
576,San Cristobal,VE,7.7669,-72.225,73.58,48,68,5.84,broken clouds
577,Amapa,BR,1.0,-52.0,89.24,44,4,4.83,clear sky
578,Hailey,US,43.5196,-114.3153,66.07,47,4,1.36,clear sky
579,Asnaes,DK,55.8123,11.5013,73.26,54,62,9.37,broken clouds
580,Barcelos,PT,41.5388,-8.6151,76.28,53,5,12.48,clear sky
581,Duma,CN,34.7653,108.135,77.02,48,99,3.44,light rain
582,Itoman,JP,26.1247,127.6694,84.58,89,75,26.46,moderate rain
583,Roald,NO,62.5833,6.1333,77.16,43,0,5.75,clear sky
584,Port Shepstone,ZA,-30.7414,30.455,65.75,70,1,7.56,clear sky
585,Santa Rosalia,MX,27.3167,-112.2833,83.14,53,32,6.15,scattered clouds
586,Biga,TR,40.2281,27.2422,86.11,32,0,13.62,clear sky
587,Otradnoye,RU,59.7775,30.8181,62.65,98,100,9.01,light rain
588,Pathankot,IN,32.2833,75.65,86.13,65,58,4.72,broken clouds
589,Aasiaat,GL,68.7098,-52.8699,39.0,80,100,11.27,overcast clouds
590,Sukhobezvodnoye,RU,57.0491,44.8891,68.47,72,91,8.37,overcast clouds
591,Nicoya,CR,10.1483,-85.452,78.35,81,95,2.04,overcast clouds
592,Mastic,US,40.802,-72.8409,85.53,72,100,1.01,overcast clouds
593,Russkaya Polyana,UA,49.417,31.9201,72.34,56,100,10.13,overcast clouds
594,Luocheng,CN,29.3848,104.0286,75.88,94,99,2.33,overcast clouds
595,Dongsheng,CN,39.8161,109.9776,78.06,32,100,14.56,overcast clouds
596,Mamakan,RU,57.8161,114.0028,58.95,93,96,2.98,overcast clouds
597,Mackay,AU,-21.15,149.2,60.04,94,40,5.75,scattered clouds
598,Baicheng,CN,45.6167,122.8167,70.39,74,1,3.13,clear sky
599,Jales,BR,-20.2689,-50.5458,82.83,27,0,13.67,clear sky
600,Semporna,MY,4.4818,118.6112,79.0,81,99,8.05,overcast clouds
601,Rura,IN,26.4833,79.9,84.7,75,91,7.45,overcast clouds
602,Xiaoweizhai,CN,26.1903,107.5125,74.39,91,100,2.64,overcast clouds
603,Oyem,GA,1.5995,11.5793,69.21,97,100,1.21,light rain
604,Panama City,PA,8.9936,-79.5197,87.17,82,75,8.05,broken clouds
605,Puerto Madryn,AR,-42.7692,-65.0385,51.91,32,7,24.58,clear sky
606,Alanya,TR,36.5438,31.9998,85.23,69,0,5.37,clear sky
607,Lixourion,GR,38.2019,20.4314,83.62,54,0,10.96,clear sky
608,Krasnaya Gora,RU,52.9995,31.6023,75.11,57,98,13.29,overcast clouds
609,Vicosa,BR,-20.7539,-42.8819,70.59,43,100,3.09,overcast clouds
610,Trelew,AR,-43.249,-65.3051,52.0,27,0,28.3,clear sky
611,Guarapari,BR,-20.6667,-40.4975,71.49,72,99,6.58,overcast clouds
612,Azangaro,PE,-14.9167,-70.2167,49.73,27,1,4.88,clear sky
613,Tecpan,GT,14.7623,-90.9947,58.62,78,98,2.21,overcast clouds
614,Umm Lajj,SA,25.0213,37.2685,94.5,47,0,4.29,clear sky
615,Moron,AR,-34.6534,-58.6198,73.02,70,12,5.01,few clouds
616,Jinchang,CN,38.4953,102.1739,69.91,42,99,12.44,overcast clouds
617,San Jeronimito,MX,17.55,-101.3333,77.74,84,98,1.57,overcast clouds
618,Deder,ET,9.3167,41.45,65.5,66,80,1.01,light rain
619,Ryotsu,JP,38.0833,138.4333,82.04,79,100,3.62,overcast clouds
620,Arrecife,ES,28.963,-13.5477,80.58,54,20,18.41,few clouds
621,Yumaguzino,RU,52.9041,56.3933,72.61,36,5,8.61,clear sky
622,Tromso,NO,69.6496,18.957,72.25,49,20,8.05,few clouds
623,Guadalupe Y Calvo,MX,26.1,-106.9667,60.22,82,100,1.43,overcast clouds
624,Tondon,GN,10.3667,-13.35,85.41,55,90,4.05,overcast clouds
625,Itaituba,BR,-4.2761,-55.9836,89.76,62,0,0.0,clear sky
626,Obihiro,JP,42.9172,143.2044,70.68,97,58,2.15,broken clouds
627,Adelaide,AU,-34.9333,138.6,52.86,87,90,0.0,overcast clouds
628,Mto Wa Mbu,TZ,-3.35,35.85,81.3,40,73,2.33,broken clouds
629,Colares,PT,38.7992,-9.4469,78.48,51,20,16.11,few clouds
630,Louth,GB,53.3666,-0.0044,71.56,59,62,12.17,broken clouds
631,Hakkari,TR,37.5833,44.1667,78.71,24,51,11.77,broken clouds
632,Necochea,AR,-38.5473,-58.7368,59.04,60,100,11.01,overcast clouds
633,Lysyye Gory,RU,51.5506,44.8414,83.79,27,85,7.92,overcast clouds
634,Bathsheba,BB,13.2167,-59.5167,86.61,66,40,14.97,scattered clouds
635,Progreso,MX,21.2833,-89.6667,84.4,68,2,6.67,clear sky
636,Kurchum,KZ,48.5722,83.6542,71.26,38,29,6.73,scattered clouds
637,Port-Cartier,CA,50.0334,-66.8654,70.93,70,97,12.1,overcast clouds
638,Manokwari,ID,-0.8667,134.0833,78.33,81,100,0.92,light rain
639,Grand Gaube,MU,-20.0064,57.6608,70.2,76,2,5.99,clear sky
640,Port Hardy,CA,50.6996,-127.4199,57.38,100,90,4.61,light rain
641,Oistins,BB,13.0667,-59.5333,86.09,66,40,14.97,scattered clouds
642,Muncar,ID,-8.4333,114.3333,76.86,90,62,5.97,broken clouds
643,Krasnyy Chikoy,RU,50.3643,108.7512,56.53,97,45,3.31,scattered clouds
644,Pec,XK,42.6591,20.2883,86.29,25,2,4.32,clear sky
645,Chulym,RU,55.0997,80.9572,63.81,82,30,3.22,scattered clouds
646,Saldanha,ZA,-33.0117,17.9442,66.25,68,100,6.55,overcast clouds
647,Kota Bahru,MY,6.1333,102.2386,82.35,83,20,0.0,few clouds
648,Gizo,SB,-8.103,156.8419,81.3,71,100,8.08,overcast clouds
649,Caravelas,BR,-17.7125,-39.2481,74.19,66,98,7.23,overcast clouds
650,Camana,PE,-16.6228,-72.7111,63.59,75,58,6.96,broken clouds
651,Porbandar,IN,21.6422,69.6093,82.9,75,70,11.07,broken clouds
652,Birao,CF,10.2849,22.7882,76.28,83,100,7.63,overcast clouds
653,Fukue,JP,32.6881,128.8419,82.38,83,95,9.22,overcast clouds
654,Sitka,US,57.0531,-135.33,57.09,94,90,0.0,light rain
655,Salinas,US,36.6777,-121.6555,63.84,91,90,0.0,mist
656,Kropotkin,RU,45.4375,40.5756,75.61,71,100,12.59,light rain
657,Roma,US,43.2128,-75.4557,83.95,74,96,1.01,overcast clouds
658,Businga,CD,3.3333,20.8833,78.06,73,100,2.59,overcast clouds
659,Yilan,TW,24.757,121.753,78.91,94,100,5.79,light rain
660,Surami,GE,42.0243,43.5556,69.1,86,77,3.44,broken clouds
661,Newport,GB,51.5877,-2.9984,67.17,86,93,18.68,overcast clouds
662,Floro,NO,61.5996,5.0328,71.56,43,20,10.36,few clouds
663,Karasburg,NA,-28.0167,18.75,80.44,5,2,8.39,clear sky
664,Panaba,MX,21.2833,-88.2667,88.34,58,3,8.32,clear sky
665,Atbasar,KZ,51.8,68.3333,71.6,46,8,12.39,clear sky
666,Alice Springs,AU,-23.7,133.8833,42.35,45,0,0.0,clear sky
667,Rapid City,US,44.0805,-103.231,77.11,34,18,12.1,few clouds
668,Novoagansk,RU,61.9449,76.6625,70.27,67,91,4.05,overcast clouds
669,Marsabit,KE,2.3284,37.9899,75.88,38,9,17.16,clear sky
670,Emmen,NL,52.7792,6.9069,76.3,63,50,1.99,scattered clouds
671,Eyl,SO,7.9803,49.8164,78.48,71,91,26.78,overcast clouds
672,Esso,RU,55.9333,158.7,40.28,88,8,2.55,clear sky
673,Faro,PT,37.0194,-7.9322,74.98,64,0,18.41,clear sky
674,Fort Frances,CA,48.5999,-93.4003,68.16,72,100,7.96,overcast clouds
